cliente,grupo,momento,valor,unidad
Gimnasio Cumbre Activa [SIMULADO],Plan mensual,2026-01,380,socios activos
Gimnasio Cumbre Activa [SIMULADO],Plan mensual,2026-02,371,socios activos
Gimnasio Cumbre Activa [SIMULADO],Plan mensual,2026-03,373,socios activos
Gimnasio Cumbre Activa [SIMULADO],Plan mensual,2026-04,362,socios activos
Gimnasio Cumbre Activa [SIMULADO],Plan mensual,2026-05,360,socios activos
Gimnasio Cumbre Activa [SIMULADO],Plan mensual,2026-06,350,socios activos
Gimnasio Cumbre Activa [SIMULADO],Plan mensual,2026-07,344,socios activos
Gimnasio Cumbre Activa [SIMULADO],Plan mensual,2026-08,342,socios activos
Gimnasio Cumbre Activa [SIMULADO],Plan trimestral,2026-01,210,socios activos
Gimnasio Cumbre Activa [SIMULADO],Plan trimestral,2026-02,214,socios activos
Gimnasio Cumbre Activa [SIMULADO],Plan trimestral,2026-03,220,socios activos
Gimnasio Cumbre Activa [SIMULADO],Plan trimestral,2026-04,212,socios activos
Gimnasio Cumbre Activa [SIMULADO],Plan trimestral,2026-05,233,socios activos
Gimnasio Cumbre Activa [SIMULADO],Plan trimestral,2026-06,205,socios activos
Gimnasio Cumbre Activa [SIMULADO],Plan trimestral,2026-07,220,socios activos
Gimnasio Cumbre Activa [SIMULADO],Plan trimestral,2026-08,218,socios activos
Gimnasio Cumbre Activa [SIMULADO],Plan anual,2026-01,95.0,socios activos
Gimnasio Cumbre Activa [SIMULADO],Plan anual,2026-02,97.34,socios activos
Gimnasio Cumbre Activa [SIMULADO],Plan anual,2026-03,103.62,socios activos
Gimnasio Cumbre Activa [SIMULADO],Plan anual,2026-04,109.24,socios activos
Gimnasio Cumbre Activa [SIMULADO],Plan anual,2026-05,114.45,socios activos
Gimnasio Cumbre Activa [SIMULADO],Plan anual,2026-06,112.55,socios activos
Gimnasio Cumbre Activa [SIMULADO],Plan anual,2026-07,123.25,socios activos
Gimnasio Cumbre Activa [SIMULADO],Plan anual,2026-08,124.0,socios activos
