codigo|anio|valor
FP.CPI.TOTL.ZG|2025|0.710469324989076
FP.CPI.TOTL.ZG|2024|1.54732515615369
FP.CPI.TOTL.ZG|2023|2.21568764237058
FP.CPI.TOTL.ZG|2022|3.46616972213077
FP.CPI.TOTL.ZG|2021|0.133251386096389
FP.CPI.TOTL.ZG|2020|-0.338872392562139
FP.CPI.TOTL.ZG|2019|0.266012515466155
FP.CPI.TOTL.ZG|2018|-0.224103246005552
FP.CPI.TOTL.ZG|2017|0.417335588666825
FP.CPI.TOTL.ZG|2016|1.72826463324533
FP.CPI.TOTL.ZG|2015|3.96664623255358
FP.CPI.TOTL.ZG|2014|3.58922016616663
FP.CPI.TOTL.ZG|2013|2.72177577710371
FP.CPI.TOTL.ZG|2012|5.10172180958666
FP.CPI.TOTL.ZG|2011|4.4745326579584
FP.CPI.TOTL.ZG|2010|3.55437734567843
FP.CPI.TOTL.ZG|2009|5.15996829181047
FP.CPI.TOTL.ZG|2008|8.40009593987462
FP.CPI.TOTL.ZG|2007|2.27618478002121
FP.CPI.TOTL.ZG|2006|3.29874846258215
FP.CPI.TOTL.ZG|2005|2.1682770118372
FP.CPI.TOTL.ZG|2004|2.74323198926704
FP.CPI.TOTL.ZG|2003|7.92936487461556
FP.CPI.TOTL.ZG|2002|12.4835980082095
FP.CPI.TOTL.ZG|2001|37.6767454518094
FP.CPI.TOTL.ZG|2000|96.0963756926096
NE.CON.PRVT.PC.KD.ZG|2025|1.87049063616685
NE.CON.PRVT.PC.KD.ZG|2024|-2.49529030976855
NE.CON.PRVT.PC.KD.ZG|2023|2.72788643332984
NE.CON.PRVT.PC.KD.ZG|2022|5.15807517503195
NE.CON.PRVT.PC.KD.ZG|2021|10.2721005706738
NE.CON.PRVT.PC.KD.ZG|2020|-11.6614747800381
NE.CON.PRVT.PC.KD.ZG|2019|0.420096857179033
NE.CON.PRVT.PC.KD.ZG|2018|0.341845971530091
NE.CON.PRVT.PC.KD.ZG|2017|5.22206945666916
NE.CON.PRVT.PC.KD.ZG|2016|-7.19516176562782
NE.CON.PRVT.PC.KD.ZG|2015|2.59257709006239
NE.CON.PRVT.PC.KD.ZG|2014|2.06339242130336
NE.CON.PRVT.PC.KD.ZG|2013|3.65568719271765
NE.CON.PRVT.PC.KD.ZG|2012|1.97530784650138
NE.CON.PRVT.PC.KD.ZG|2011|3.68594913624405
NE.CON.PRVT.PC.KD.ZG|2010|5.46601205570371
NE.CON.PRVT.PC.KD.ZG|2009|-0.0679897280742665
NE.CON.PRVT.PC.KD.ZG|2008|3.9033664047266
NE.CON.PRVT.PC.KD.ZG|2007|2.32932096220037
NE.CON.PRVT.PC.KD.ZG|2006|2.61932959734776
NE.CON.PRVT.PC.KD.ZG|2005|2.42331581850668
NE.CON.PRVT.PC.KD.ZG|2004|-1.66136535556151
NE.CON.PRVT.PC.KD.ZG|2003|1.57736084330222
NE.CON.PRVT.PC.KD.ZG|2002|6.77167381834136
NE.CON.PRVT.PC.KD.ZG|2001|-10.9056802749372
NE.CON.PRVT.PC.KD.ZG|2000|-0.930997194052097
FS.AST.PRVT.GD.ZS|2025|58.8742627097159
FS.AST.PRVT.GD.ZS|2024|56.5769942262981
FS.AST.PRVT.GD.ZS|2023|54.654544984531
FS.AST.PRVT.GD.ZS|2022|52.3799487703168
FS.AST.PRVT.GD.ZS|2021|49.7533981232754
FS.AST.PRVT.GD.ZS|2020|49.0557050652741
FS.AST.PRVT.GD.ZS|2019|42.6915820194147
FS.AST.PRVT.GD.ZS|2018|38.3374947486699
FS.AST.PRVT.GD.ZS|2017|34.2208461040213
FS.AST.PRVT.GD.ZS|2016|31.5046558000332
FS.AST.PRVT.GD.ZS|2015|29.9362613682185
FS.AST.PRVT.GD.ZS|2014|29.208430980274
FS.AST.PRVT.GD.ZS|2013|28.5522332055412
FS.AST.PRVT.GD.ZS|2012|28.44437278344
FS.AST.PRVT.GD.ZS|2011|27.5915486903939
FS.AST.PRVT.GD.ZS|2010|27.0843336858919
FS.AST.PRVT.GD.ZS|2009|24.8896332211154
FS.AST.PRVT.GD.ZS|2008|23.9648755618427
FS.AST.PRVT.GD.ZS|2007|23.3804598593846
FS.AST.PRVT.GD.ZS|2006|22.3312165490477
FS.AST.PRVT.GD.ZS|2005|21.9843010481258
FS.AST.PRVT.GD.ZS|2004|20.5413980220229
FS.AST.PRVT.GD.ZS|2003|18.0551202336506
FS.AST.PRVT.GD.ZS|2002|19.0719396318142
FB.AST.NPER.ZS|2025|4.45196864610921
FB.AST.NPER.ZS|2024|4.81981805957318
FB.AST.NPER.ZS|2023|4.72096477321848
FB.AST.NPER.ZS|2022|3.15605064100262
FB.AST.NPER.ZS|2021|3.15093987493153
FB.AST.NPER.ZS|2020|3.25183007000788
FB.AST.NPER.ZS|2019|3.18055363881047
FB.AST.NPER.ZS|2018|2.83749397653478
FB.AST.NPER.ZS|2017|3.22680674472081
FB.AST.NPER.ZS|2016|4.18541726575774
FB.AST.NPER.ZS|2015|4.50148720694906
FB.AST.NPER.ZS|2014|3.85374981759959
FB.AST.NPER.ZS|2013|3.74911169117027
FB.AST.NPER.ZS|2012|3.73387908750774
FB.AST.NPER.ZS|2011|2.98883002457982
FB.AST.NPER.ZS|2010|3.17435628301061
FB.AST.NPER.ZS|2009|3.98952864129455
FB.AST.NPER.ZS|2008|3.46270685310385
FB.AST.NPER.ZS|2007|3.73938932677987
FB.AST.NPER.ZS|2006|3.96715372108971
FB.AST.NPER.ZS|2005|5.12207636867638
FB.AST.NPER.ZS|2004|6.57313325180524
FB.AST.NPER.ZS|2003|8.60329531245132
NY.GDP.MKTP.KD.ZG|2025|3.72594857272087
NY.GDP.MKTP.KD.ZG|2024|-1.94409022506859
NY.GDP.MKTP.KD.ZG|2023|1.8328406107788
NY.GDP.MKTP.KD.ZG|2022|5.86842354862311
NY.GDP.MKTP.KD.ZG|2021|9.42189269033631
NY.GDP.MKTP.KD.ZG|2020|-9.24509619165865
NY.GDP.MKTP.KD.ZG|2019|0.1654044646003
NY.GDP.MKTP.KD.ZG|2018|1.04429460679607
NY.GDP.MKTP.KD.ZG|2017|5.97039880954841
NY.GDP.MKTP.KD.ZG|2016|-0.687954245877947
NY.GDP.MKTP.KD.ZG|2015|0.119692109287612
NY.GDP.MKTP.KD.ZG|2014|4.22606520388456
NY.GDP.MKTP.KD.ZG|2013|7.21123653679159
NY.GDP.MKTP.KD.ZG|2012|5.783212336172
NY.GDP.MKTP.KD.ZG|2011|8.48147656332823
NY.GDP.MKTP.KD.ZG|2010|4.02913787986621
NY.GDP.MKTP.KD.ZG|2009|1.0910129698311
NY.GDP.MKTP.KD.ZG|2008|6.56492068224719
NY.GDP.MKTP.KD.ZG|2007|1.90242859700484
NY.GDP.MKTP.KD.ZG|2006|4.34113198577639
NY.GDP.MKTP.KD.ZG|2005|5.39862243994342
NY.GDP.MKTP.KD.ZG|2004|6.83239736646514
NY.GDP.MKTP.KD.ZG|2003|2.88450036512064
NY.GDP.MKTP.KD.ZG|2002|4.92809549611376
NY.GDP.MKTP.KD.ZG|2001|4.20627185748789
NY.GDP.MKTP.KD.ZG|2000|1.09180164720277
NV.SRV.TOTL.KD.ZG|2025|3.57909977644846
NV.SRV.TOTL.KD.ZG|2024|-0.646445945796799
NV.SRV.TOTL.KD.ZG|2023|2.90369430733858
NV.SRV.TOTL.KD.ZG|2022|6.09856731214732
NV.SRV.TOTL.KD.ZG|2021|8.2653523253752
NV.SRV.TOTL.KD.ZG|2020|-8.42000920713315
NV.SRV.TOTL.KD.ZG|2019|1.16781779016881
NV.SRV.TOTL.KD.ZG|2018|3.34560726178556
NV.SRV.TOTL.KD.ZG|2017|4.49590920764389
NV.SRV.TOTL.KD.ZG|2016|0.618390755862691
NV.SRV.TOTL.KD.ZG|2015|2.94069440818548
NV.SRV.TOTL.KD.ZG|2014|4.86644160547449
NV.SRV.TOTL.KD.ZG|2013|7.25016990384266
NV.SRV.TOTL.KD.ZG|2012|7.50642633237636
NV.SRV.TOTL.KD.ZG|2011|8.17173024818956
NV.SRV.TOTL.KD.ZG|2010|6.17469121716047
NV.SRV.TOTL.KD.ZG|2009|3.72499666595334
NV.SRV.TOTL.KD.ZG|2008|8.03720600977948
NV.SRV.TOTL.KD.ZG|2007|3.58228329490642
NV.SRV.TOTL.KD.ZG|2006|4.68806483439768
NV.SRV.TOTL.KD.ZG|2005|6.0940483046947
NV.SRV.TOTL.KD.ZG|2004|5.51182187700756
NV.SRV.TOTL.KD.ZG|2003|4.15014655058332
NV.SRV.TOTL.KD.ZG|2002|4.75405573950809
NV.SRV.TOTL.KD.ZG|2001|4.1448050859979
NV.SRV.TOTL.KD.ZG|2000|0.368075215426188
