pais_iso3,pais,indicador,anio,valor,fecha_captura
ECU,Ecuador,FP.CPI.TOTL,2018,123.81,2026-09-27
ECU,Ecuador,FP.CPI.TOTL,2019,124.14,2026-09-27
ECU,Ecuador,FP.CPI.TOTL,2020,123.72,2026-09-27
ECU,Ecuador,FP.CPI.TOTL,2021,123.89,2026-09-27
ECU,Ecuador,FP.CPI.TOTL,2022,128.18,2026-09-27
ECU,Ecuador,FP.CPI.TOTL,2023,131.02,2026-09-27
ECU,Ecuador,FP.CPI.TOTL,2024,133.05,2026-09-27
ECU,Ecuador,FP.CPI.TOTL,2025,134.0,2026-09-27
COL,Colombia,FP.CPI.TOTL,2018,136.15,2026-09-27
COL,Colombia,FP.CPI.TOTL,2019,140.95,2026-09-27
COL,Colombia,FP.CPI.TOTL,2020,144.51,2026-09-27
COL,Colombia,FP.CPI.TOTL,2021,149.56,2026-09-27
COL,Colombia,FP.CPI.TOTL,2022,164.78,2026-09-27
COL,Colombia,FP.CPI.TOTL,2023,184.12,2026-09-27
COL,Colombia,FP.CPI.TOTL,2024,196.29,2026-09-27
COL,Colombia,FP.CPI.TOTL,2025,206.38,2026-09-27
PER,Perú,FP.CPI.TOTL,2018,127.42,2026-09-27
PER,Perú,FP.CPI.TOTL,2019,130.29,2026-09-27
PER,Perú,FP.CPI.TOTL,2020,132.9,2026-09-27
PER,Perú,FP.CPI.TOTL,2021,138.58,2026-09-27
PER,Perú,FP.CPI.TOTL,2022,150.12,2026-09-27
PER,Perú,FP.CPI.TOTL,2023,159.82,2026-09-27
PER,Perú,FP.CPI.TOTL,2024,163.03,2026-09-27
PER,Perú,FP.CPI.TOTL,2025,165.52,2026-09-27
ECU,Ecuador,IT.NET.USER.ZS,2018,57.5,2026-09-27
ECU,Ecuador,IT.NET.USER.ZS,2019,59.2,2026-09-27
ECU,Ecuador,IT.NET.USER.ZS,2020,70.7,2026-09-27
ECU,Ecuador,IT.NET.USER.ZS,2021,69.1147995,2026-09-27
ECU,Ecuador,IT.NET.USER.ZS,2022,69.71811356,2026-09-27
ECU,Ecuador,IT.NET.USER.ZS,2023,72.6943146,2026-09-27
ECU,Ecuador,IT.NET.USER.ZS,2024,77.17273115,2026-09-27
COL,Colombia,IT.NET.USER.ZS,2018,64.1263768204459,2026-09-27
COL,Colombia,IT.NET.USER.ZS,2019,65.0069007159493,2026-09-27
COL,Colombia,IT.NET.USER.ZS,2020,69.79533474,2026-09-27
COL,Colombia,IT.NET.USER.ZS,2021,73.02837449,2026-09-27
COL,Colombia,IT.NET.USER.ZS,2022,72.79637855,2026-09-27
COL,Colombia,IT.NET.USER.ZS,2023,77.33686322,2026-09-27
COL,Colombia,IT.NET.USER.ZS,2024,79.34543299,2026-09-27
ECU,Ecuador,NE.CON.PRVT.PC.KD,2018,3762.83,2026-09-27
ECU,Ecuador,NE.CON.PRVT.PC.KD,2019,3778.64,2026-09-27
ECU,Ecuador,NE.CON.PRVT.PC.KD,2020,3337.99,2026-09-27
ECU,Ecuador,NE.CON.PRVT.PC.KD,2021,3680.87,2026-09-27
ECU,Ecuador,NE.CON.PRVT.PC.KD,2022,3870.74,2026-09-27
ECU,Ecuador,NE.CON.PRVT.PC.KD,2023,3976.33,2026-09-27
ECU,Ecuador,NE.CON.PRVT.PC.KD,2024,3877.1,2026-09-27
ECU,Ecuador,NE.CON.PRVT.PC.KD,2025,3949.63,2026-09-27
COL,Colombia,NE.CON.PRVT.PC.KD,2018,4387.35,2026-09-27
COL,Colombia,NE.CON.PRVT.PC.KD,2019,4485.11,2026-09-27
COL,Colombia,NE.CON.PRVT.PC.KD,2020,4199.77,2026-09-27
COL,Colombia,NE.CON.PRVT.PC.KD,2021,4765.61,2026-09-27
COL,Colombia,NE.CON.PRVT.PC.KD,2022,5223.7,2026-09-27
COL,Colombia,NE.CON.PRVT.PC.KD,2023,5191.99,2026-09-27
COL,Colombia,NE.CON.PRVT.PC.KD,2024,5220.75,2026-09-27
COL,Colombia,NE.CON.PRVT.PC.KD,2025,5355.74,2026-09-27
ECU,Ecuador,BX.TRF.PWKR.CD.DT,2018,3039078508.88,2026-09-27
ECU,Ecuador,BX.TRF.PWKR.CD.DT,2019,3242684316.95,2026-09-27
ECU,Ecuador,BX.TRF.PWKR.CD.DT,2020,3343696163.53,2026-09-27
ECU,Ecuador,BX.TRF.PWKR.CD.DT,2021,4367441780.59,2026-09-27
ECU,Ecuador,BX.TRF.PWKR.CD.DT,2022,4747980446.39,2026-09-27
ECU,Ecuador,BX.TRF.PWKR.CD.DT,2023,5452432476.66,2026-09-27
ECU,Ecuador,BX.TRF.PWKR.CD.DT,2024,6544355900.63,2026-09-27
ECU,Ecuador,BX.TRF.PWKR.CD.DT,2025,7734058771.59,2026-09-27
GTM,Guatemala,BX.TRF.PWKR.CD.DT,2018,9437674500,2026-09-27
GTM,Guatemala,BX.TRF.PWKR.CD.DT,2019,10655601360,2026-09-27
GTM,Guatemala,BX.TRF.PWKR.CD.DT,2020,11405439200,2026-09-27
GTM,Guatemala,BX.TRF.PWKR.CD.DT,2021,15407572610,2026-09-27
GTM,Guatemala,BX.TRF.PWKR.CD.DT,2022,18204553280,2026-09-27
GTM,Guatemala,BX.TRF.PWKR.CD.DT,2023,19980963760,2026-09-27
GTM,Guatemala,BX.TRF.PWKR.CD.DT,2024,21644521520,2026-09-27
ECU,Ecuador,NY.GDP.PCAP.KD,2018,6063.1,2026-09-27
ECU,Ecuador,NY.GDP.PCAP.KD,2019,5971.39,2026-09-27
ECU,Ecuador,NY.GDP.PCAP.KD,2020,5355.69,2026-09-27
ECU,Ecuador,NY.GDP.PCAP.KD,2021,5815.09,2026-09-27
ECU,Ecuador,NY.GDP.PCAP.KD,2022,6107.49,2026-09-27
ECU,Ecuador,NY.GDP.PCAP.KD,2023,6165.41,2026-09-27
ECU,Ecuador,NY.GDP.PCAP.KD,2024,5993.75,2026-09-27
ECU,Ecuador,NY.GDP.PCAP.KD,2025,6164.58,2026-09-27
DOM,República Dominicana,NY.GDP.PCAP.KD,2018,7818.71,2026-09-27
DOM,República Dominicana,NY.GDP.PCAP.KD,2019,8117.05,2026-09-27
DOM,República Dominicana,NY.GDP.PCAP.KD,2020,7395.87,2026-09-27
DOM,República Dominicana,NY.GDP.PCAP.KD,2021,8344.91,2026-09-27
DOM,República Dominicana,NY.GDP.PCAP.KD,2022,8698.14,2026-09-27
DOM,República Dominicana,NY.GDP.PCAP.KD,2023,8809.96,2026-09-27
DOM,República Dominicana,NY.GDP.PCAP.KD,2024,9168.45,2026-09-27
DOM,República Dominicana,NY.GDP.PCAP.KD,2025,9287.06,2026-09-27
