ANIO|MES|CORTE|CLAVE|VALOR_RECAUDADO
2025|10|ACTIVIDAD|9|4688.80
2025|10|ACTIVIDAD|A|55166346.97
2025|10|ACTIVIDAD|B|65270278.39
2025|10|ACTIVIDAD|C|268591370.84
2025|10|ACTIVIDAD|D|21262152.34
2025|10|ACTIVIDAD|E|9181293.94
2025|10|ACTIVIDAD|F|26718662.33
2025|10|ACTIVIDAD|G|627678536.74
2025|10|ACTIVIDAD|H|40906774.28
2025|10|ACTIVIDAD|I|16945646.09
2025|10|ACTIVIDAD|J|52951191.77
2025|10|ACTIVIDAD|K|278410392.63
2025|10|ACTIVIDAD|L|19651464.12
2025|10|ACTIVIDAD|M|48480551.84
2025|10|ACTIVIDAD|NO TIENE|3498073.32
2025|10|ACTIVIDAD|N|21041120.37
2025|10|ACTIVIDAD|O|69623532.68
2025|10|ACTIVIDAD|P|18110721.70
2025|10|ACTIVIDAD|Q|24591687.65
2025|10|ACTIVIDAD|R|9997807.92
2025|10|ACTIVIDAD|S|11177893.25
2025|10|ACTIVIDAD|T|41817.00
2025|10|ACTIVIDAD|U|149052.87
2025|10|ACTIVIDAD|V|959446.00
2025|10|ACTIVIDAD|W|280329.97
2025|10|ACTIVIDAD|X|52088.72
2025|10|PROVINCIA|AZUAY|83693629.75
2025|10|PROVINCIA|BOLIVAR|1557626.57
2025|10|PROVINCIA|CARCHI|2250624.28
2025|10|PROVINCIA|CAÑAR|3421876.63
2025|10|PROVINCIA|CHIMBORAZO|7153804.54
2025|10|PROVINCIA|COTOPAXI|16004996.65
2025|10|PROVINCIA|EL ORO|26402254.46
2025|10|PROVINCIA|ESMERALDAS|5823721.07
2025|10|PROVINCIA|GALAPAGOS|3092414.65
2025|10|PROVINCIA|GUAYAS|537326082.98
2025|10|PROVINCIA|IMBABURA|8725526.15
2025|10|PROVINCIA|LOJA|9349667.05
2025|10|PROVINCIA|LOS RIOS|10690801.34
2025|10|PROVINCIA|MANABI|38696508.30
2025|10|PROVINCIA|MORONA SANTIAGO|2779846.53
2025|10|PROVINCIA|NAPO|1865180.38
2025|10|PROVINCIA|NO TIENE|186781.51
2025|10|PROVINCIA|ORELLANA|5492768.48
2025|10|PROVINCIA|PASTAZA|2096423.17
2025|10|PROVINCIA|PICHINCHA|836948336.17
2025|10|PROVINCIA|SANTA ELENA|4707256.33
2025|10|PROVINCIA|SANTO DOMINGO DE LOS TSÁCHILAS|12491472.54
2025|10|PROVINCIA|SUCUMBIOS|3193130.92
2025|10|PROVINCIA|TUNGURAHUA|29736650.08
2025|10|PROVINCIA|ZAMORA CHINCHIPE|37055542.00
2025|11|ACTIVIDAD|9|4090.46
2025|11|ACTIVIDAD|A|63371983.39
2025|11|ACTIVIDAD|B|97658730.39
2025|11|ACTIVIDAD|C|273647311.68
2025|11|ACTIVIDAD|D|24160042.60
2025|11|ACTIVIDAD|E|10538474.59
2025|11|ACTIVIDAD|F|36748445.17
2025|11|ACTIVIDAD|G|628771552.39
2025|11|ACTIVIDAD|H|44952602.42
2025|11|ACTIVIDAD|I|17938501.46
2025|11|ACTIVIDAD|J|59171551.87
2025|11|ACTIVIDAD|K|298419989.87
2025|11|ACTIVIDAD|L|21573396.48
2025|11|ACTIVIDAD|M|51665257.43
2025|11|ACTIVIDAD|NO TIENE|3400481.20
2025|11|ACTIVIDAD|N|21472874.50
2025|11|ACTIVIDAD|O|76030209.87
2025|11|ACTIVIDAD|P|18958626.69
2025|11|ACTIVIDAD|Q|24427340.39
2025|11|ACTIVIDAD|R|5443884.88
2025|11|ACTIVIDAD|S|10596649.29
2025|11|ACTIVIDAD|T|31692.90
2025|11|ACTIVIDAD|U|145290.99
2025|11|ACTIVIDAD|V|827403.26
2025|11|ACTIVIDAD|W|243837.28
2025|11|ACTIVIDAD|X|44471.83
2025|11|PROVINCIA|AZUAY|81975065.47
2025|11|PROVINCIA|BOLIVAR|1863378.10
2025|11|PROVINCIA|CARCHI|2220678.88
2025|11|PROVINCIA|CAÑAR|3734598.93
2025|11|PROVINCIA|CHIMBORAZO|7753575.88
2025|11|PROVINCIA|COTOPAXI|17019224.00
2025|11|PROVINCIA|EL ORO|28137164.32
2025|11|PROVINCIA|ESMERALDAS|6058758.09
2025|11|PROVINCIA|GALAPAGOS|3501996.09
2025|11|PROVINCIA|GUAYAS|562087480.86
2025|11|PROVINCIA|IMBABURA|9074568.25
2025|11|PROVINCIA|LOJA|8798014.41
2025|11|PROVINCIA|LOS RIOS|11147381.76
2025|11|PROVINCIA|MANABI|36561974.53
2025|11|PROVINCIA|MORONA SANTIAGO|2451029.58
2025|11|PROVINCIA|NAPO|2469108.96
2025|11|PROVINCIA|NO TIENE|189292.20
2025|11|PROVINCIA|ORELLANA|6730172.81
2025|11|PROVINCIA|PASTAZA|1820400.10
2025|11|PROVINCIA|PICHINCHA|907807054.13
2025|11|PROVINCIA|SANTA ELENA|4589443.04
2025|11|PROVINCIA|SANTO DOMINGO DE LOS TSÁCHILAS|10917252.48
2025|11|PROVINCIA|SUCUMBIOS|2936026.75
2025|11|PROVINCIA|TUNGURAHUA|28889592.38
2025|11|PROVINCIA|ZAMORA CHINCHIPE|41511461.28
2025|12|ACTIVIDAD|9|5133.66
2025|12|ACTIVIDAD|A|65008877.85
2025|12|ACTIVIDAD|B|122932213.29
2025|12|ACTIVIDAD|C|300476898.80
2025|12|ACTIVIDAD|D|17318349.73
2025|12|ACTIVIDAD|E|11057704.60
2025|12|ACTIVIDAD|F|37640049.16
2025|12|ACTIVIDAD|G|689591843.83
2025|12|ACTIVIDAD|H|50381146.34
2025|12|ACTIVIDAD|I|20346124.29
2025|12|ACTIVIDAD|J|60986468.69
2025|12|ACTIVIDAD|K|277666497.11
2025|12|ACTIVIDAD|L|24646017.41
2025|12|ACTIVIDAD|M|57737290.35
2025|12|ACTIVIDAD|NO TIENE|3301372.25
2025|12|ACTIVIDAD|N|21804185.09
2025|12|ACTIVIDAD|O|107354988.44
2025|12|ACTIVIDAD|P|19896983.46
2025|12|ACTIVIDAD|Q|25788267.39
2025|12|ACTIVIDAD|R|8914996.81
2025|12|ACTIVIDAD|S|12092710.84
2025|12|ACTIVIDAD|T|29744.19
2025|12|ACTIVIDAD|U|197608.94
2025|12|ACTIVIDAD|V|847768.19
2025|12|ACTIVIDAD|W|1314326.70
2025|12|ACTIVIDAD|X|28432.04
2025|12|PROVINCIA|AZUAY|89911262.72
2025|12|PROVINCIA|BOLIVAR|1763461.18
2025|12|PROVINCIA|CARCHI|2717093.02
2025|12|PROVINCIA|CAÑAR|3643841.78
2025|12|PROVINCIA|CHIMBORAZO|8875005.93
2025|12|PROVINCIA|COTOPAXI|20065908.87
2025|12|PROVINCIA|EL ORO|30216457.17
2025|12|PROVINCIA|ESMERALDAS|5715429.06
2025|12|PROVINCIA|GALAPAGOS|3663676.25
2025|12|PROVINCIA|GUAYAS|611821841.14
2025|12|PROVINCIA|IMBABURA|12832692.87
2025|12|PROVINCIA|LOJA|9067468.51
2025|12|PROVINCIA|LOS RIOS|11945861.55
2025|12|PROVINCIA|MANABI|40732304.54
2025|12|PROVINCIA|MORONA SANTIAGO|2538085.05
2025|12|PROVINCIA|NAPO|2562244.47
2025|12|PROVINCIA|NO TIENE|216241.74
2025|12|PROVINCIA|ORELLANA|6519267.70
2025|12|PROVINCIA|PASTAZA|1863082.98
2025|12|PROVINCIA|PICHINCHA|962535469.32
2025|12|PROVINCIA|SANTA ELENA|5347417.07
2025|12|PROVINCIA|SANTO DOMINGO DE LOS TSÁCHILAS|11315630.08
2025|12|PROVINCIA|SUCUMBIOS|3017823.08
2025|12|PROVINCIA|TUNGURAHUA|33781374.85
2025|12|PROVINCIA|ZAMORA CHINCHIPE|54697058.52
2025|1|ACTIVIDAD|9|1090.24
2025|1|ACTIVIDAD|A|56241097.57
2025|1|ACTIVIDAD|B|106855196.94
2025|1|ACTIVIDAD|C|297251315.43
2025|1|ACTIVIDAD|D|29960450.01
2025|1|ACTIVIDAD|E|13286579.13
2025|1|ACTIVIDAD|F|35830400.12
2025|1|ACTIVIDAD|G|656651545.88
2025|1|ACTIVIDAD|H|46151842.45
2025|1|ACTIVIDAD|I|19121598.90
2025|1|ACTIVIDAD|J|62744383.67
2025|1|ACTIVIDAD|K|330739613.11
2025|1|ACTIVIDAD|L|25847731.40
2025|1|ACTIVIDAD|M|64614802.34
2025|1|ACTIVIDAD|NO TIENE|3311521.93
2025|1|ACTIVIDAD|N|53275127.97
2025|1|ACTIVIDAD|O|134289469.19
2025|1|ACTIVIDAD|P|25041939.02
2025|1|ACTIVIDAD|Q|31294474.68
2025|1|ACTIVIDAD|R|4873690.44
2025|1|ACTIVIDAD|S|15706161.68
2025|1|ACTIVIDAD|T|35600.62
2025|1|ACTIVIDAD|U|219486.11
2025|1|ACTIVIDAD|V|1948419.86
2025|1|ACTIVIDAD|W|372239.88
2025|1|ACTIVIDAD|X|74096.05
2025|1|PROVINCIA|AZUAY|81936784.70
2025|1|PROVINCIA|BOLIVAR|2256430.89
2025|1|PROVINCIA|CARCHI|3234067.92
2025|1|PROVINCIA|CAÑAR|4530786.03
2025|1|PROVINCIA|CHIMBORAZO|9536498.41
2025|1|PROVINCIA|COTOPAXI|15959977.84
2025|1|PROVINCIA|EL ORO|28211144.82
2025|1|PROVINCIA|ESMERALDAS|7628748.80
2025|1|PROVINCIA|GALAPAGOS|3745986.18
2025|1|PROVINCIA|GUAYAS|654008346.70
2025|1|PROVINCIA|IMBABURA|11553849.35
2025|1|PROVINCIA|LOJA|11433885.11
2025|1|PROVINCIA|LOS RIOS|13185821.77
2025|1|PROVINCIA|MANABI|40066081.86
2025|1|PROVINCIA|MORONA SANTIAGO|3951844.96
2025|1|PROVINCIA|NAPO|2648057.14
2025|1|PROVINCIA|NO TIENE|161409.86
2025|1|PROVINCIA|ORELLANA|7469733.43
2025|1|PROVINCIA|PASTAZA|3333849.19
2025|1|PROVINCIA|PICHINCHA|1023679431.85
2025|1|PROVINCIA|SANTA ELENA|5892815.99
2025|1|PROVINCIA|SANTO DOMINGO DE LOS TSÁCHILAS|11429432.45
2025|1|PROVINCIA|SUCUMBIOS|4147264.68
2025|1|PROVINCIA|TUNGURAHUA|28958127.72
2025|1|PROVINCIA|ZAMORA CHINCHIPE|36779496.97
2025|2|ACTIVIDAD|9|1135.82
2025|2|ACTIVIDAD|A|46087409.83
2025|2|ACTIVIDAD|B|60888508.03
2025|2|ACTIVIDAD|C|232540421.45
2025|2|ACTIVIDAD|D|9334443.13
2025|2|ACTIVIDAD|E|6515242.32
2025|2|ACTIVIDAD|F|21001832.15
2025|2|ACTIVIDAD|G|476025202.47
2025|2|ACTIVIDAD|H|41412542.48
2025|2|ACTIVIDAD|I|15432642.15
2025|2|ACTIVIDAD|J|45667961.15
2025|2|ACTIVIDAD|K|248675579.73
2025|2|ACTIVIDAD|L|15578974.56
2025|2|ACTIVIDAD|M|43654861.14
2025|2|ACTIVIDAD|NO TIENE|4691979.46
2025|2|ACTIVIDAD|N|19980641.47
2025|2|ACTIVIDAD|O|41884085.70
2025|2|ACTIVIDAD|P|9622593.95
2025|2|ACTIVIDAD|Q|16240394.66
2025|2|ACTIVIDAD|R|2655450.70
2025|2|ACTIVIDAD|S|9695097.67
2025|2|ACTIVIDAD|T|60836.06
2025|2|ACTIVIDAD|U|61414.58
2025|2|ACTIVIDAD|V|1923773.26
2025|2|ACTIVIDAD|W|539831.96
2025|2|ACTIVIDAD|X|87495.19
2025|2|PROVINCIA|AZUAY|68387660.88
2025|2|PROVINCIA|BOLIVAR|927229.40
2025|2|PROVINCIA|CARCHI|1699464.33
2025|2|PROVINCIA|CAÑAR|3584110.47
2025|2|PROVINCIA|CHIMBORAZO|5009003.18
2025|2|PROVINCIA|COTOPAXI|15209025.74
2025|2|PROVINCIA|EL ORO|19689327.88
2025|2|PROVINCIA|ESMERALDAS|5152704.59
2025|2|PROVINCIA|GALAPAGOS|2203715.12
2025|2|PROVINCIA|GUAYAS|451790223.10
2025|2|PROVINCIA|IMBABURA|8287609.80
2025|2|PROVINCIA|LOJA|6814036.14
2025|2|PROVINCIA|LOS RIOS|9057869.79
2025|2|PROVINCIA|MANABI|26938352.31
2025|2|PROVINCIA|MORONA SANTIAGO|1300752.75
2025|2|PROVINCIA|NAPO|903054.68
2025|2|PROVINCIA|NO TIENE|149559.35
2025|2|PROVINCIA|ORELLANA|4443329.74
2025|2|PROVINCIA|PASTAZA|1129093.94
2025|2|PROVINCIA|PICHINCHA|669346195.24
2025|2|PROVINCIA|SANTA ELENA|3791082.86
2025|2|PROVINCIA|SANTO DOMINGO DE LOS TSÁCHILAS|9107270.69
2025|2|PROVINCIA|SUCUMBIOS|1816644.46
2025|2|PROVINCIA|TUNGURAHUA|23066125.94
2025|2|PROVINCIA|ZAMORA CHINCHIPE|30456908.69
2025|3|ACTIVIDAD|9|1455.13
2025|3|ACTIVIDAD|A|62913540.35
2025|3|ACTIVIDAD|B|251194041.09
2025|3|ACTIVIDAD|C|304188729.02
2025|3|ACTIVIDAD|D|22638745.72
2025|3|ACTIVIDAD|E|9807415.71
2025|3|ACTIVIDAD|F|32102673.62
2025|3|ACTIVIDAD|G|585947291.03
2025|3|ACTIVIDAD|H|50034276.79
2025|3|ACTIVIDAD|I|18347888.21
2025|3|ACTIVIDAD|J|63154141.90
2025|3|ACTIVIDAD|K|254602756.95
2025|3|ACTIVIDAD|L|37073709.52
2025|3|ACTIVIDAD|M|110229446.50
2025|3|ACTIVIDAD|NO TIENE|6032528.46
2025|3|ACTIVIDAD|N|28736255.00
2025|3|ACTIVIDAD|O|63956007.31
2025|3|ACTIVIDAD|P|17964847.90
2025|3|ACTIVIDAD|Q|37635669.23
2025|3|ACTIVIDAD|R|3336259.16
2025|3|ACTIVIDAD|S|24263036.81
2025|3|ACTIVIDAD|T|51831.00
2025|3|ACTIVIDAD|U|96111.97
2025|3|ACTIVIDAD|V|8894998.71
2025|3|ACTIVIDAD|W|5342003.63
2025|3|ACTIVIDAD|X|186406.14
2025|3|PROVINCIA|AZUAY|86324247.98
2025|3|PROVINCIA|BOLIVAR|1578937.34
2025|3|PROVINCIA|CARCHI|2078793.82
2025|3|PROVINCIA|CAÑAR|4578937.39
2025|3|PROVINCIA|CHIMBORAZO|8374938.50
2025|3|PROVINCIA|COTOPAXI|18421002.41
2025|3|PROVINCIA|EL ORO|34709908.75
2025|3|PROVINCIA|ESMERALDAS|7243037.59
2025|3|PROVINCIA|GALAPAGOS|4386729.23
2025|3|PROVINCIA|GUAYAS|607596859.07
2025|3|PROVINCIA|IMBABURA|11906342.52
2025|3|PROVINCIA|LOJA|10012975.21
2025|3|PROVINCIA|LOS RIOS|11785883.67
2025|3|PROVINCIA|MANABI|40942241.97
2025|3|PROVINCIA|MORONA SANTIAGO|3920960.64
2025|3|PROVINCIA|NAPO|1871406.40
2025|3|PROVINCIA|NO TIENE|168413.20
2025|3|PROVINCIA|ORELLANA|6215813.14
2025|3|PROVINCIA|PASTAZA|1653040.76
2025|3|PROVINCIA|PICHINCHA|939797704.05
2025|3|PROVINCIA|SANTA ELENA|4901249.10
2025|3|PROVINCIA|SANTO DOMINGO DE LOS TSÁCHILAS|11740003.77
2025|3|PROVINCIA|SUCUMBIOS|3146554.27
2025|3|PROVINCIA|TUNGURAHUA|31969414.10
2025|3|PROVINCIA|ZAMORA CHINCHIPE|143406671.98
2025|4|ACTIVIDAD|9|3261.81
2025|4|ACTIVIDAD|A|84853559.51
2025|4|ACTIVIDAD|B|290070300.60
2025|4|ACTIVIDAD|C|298183680.05
2025|4|ACTIVIDAD|D|27750838.92
2025|4|ACTIVIDAD|E|12306873.46
2025|4|ACTIVIDAD|F|43533978.36
2025|4|ACTIVIDAD|G|658265150.88
2025|4|ACTIVIDAD|H|73535833.01
2025|4|ACTIVIDAD|I|21548068.96
2025|4|ACTIVIDAD|J|68250036.32
2025|4|ACTIVIDAD|K|300706629.95
2025|4|ACTIVIDAD|L|43308627.60
2025|4|ACTIVIDAD|M|87286083.74
2025|4|ACTIVIDAD|NO TIENE|4859355.06
2025|4|ACTIVIDAD|N|44883468.52
2025|4|ACTIVIDAD|O|92843383.09
2025|4|ACTIVIDAD|P|21563967.33
2025|4|ACTIVIDAD|Q|34330600.18
2025|4|ACTIVIDAD|R|5451996.73
2025|4|ACTIVIDAD|S|17110264.73
2025|4|ACTIVIDAD|T|54077.80
2025|4|ACTIVIDAD|U|95124.95
2025|4|ACTIVIDAD|V|1726513.65
2025|4|ACTIVIDAD|W|739785.53
2025|4|ACTIVIDAD|X|74542.94
2025|4|PROVINCIA|AZUAY|90733169.68
2025|4|PROVINCIA|BOLIVAR|1862732.74
2025|4|PROVINCIA|CARCHI|2631106.84
2025|4|PROVINCIA|CAÑAR|4800687.89
2025|4|PROVINCIA|CHIMBORAZO|9011621.53
2025|4|PROVINCIA|COTOPAXI|18198325.22
2025|4|PROVINCIA|EL ORO|35555662.48
2025|4|PROVINCIA|ESMERALDAS|6789782.86
2025|4|PROVINCIA|GALAPAGOS|5419635.20
2025|4|PROVINCIA|GUAYAS|640114017.20
2025|4|PROVINCIA|IMBABURA|14586937.74
2025|4|PROVINCIA|LOJA|11986850.90
2025|4|PROVINCIA|LOS RIOS|13501120.86
2025|4|PROVINCIA|MANABI|41117556.52
2025|4|PROVINCIA|MORONA SANTIAGO|6835774.93
2025|4|PROVINCIA|NAPO|2761861.30
2025|4|PROVINCIA|NO TIENE|151622.34
2025|4|PROVINCIA|ORELLANA|5958206.07
2025|4|PROVINCIA|PASTAZA|2620856.53
2025|4|PROVINCIA|PICHINCHA|1122539213.78
2025|4|PROVINCIA|SANTA ELENA|7205791.16
2025|4|PROVINCIA|SANTO DOMINGO DE LOS TSÁCHILAS|11406469.37
2025|4|PROVINCIA|SUCUMBIOS|3733642.72
2025|4|PROVINCIA|TUNGURAHUA|29193683.31
2025|4|PROVINCIA|ZAMORA CHINCHIPE|144619674.51
2025|5|ACTIVIDAD|9|2614.70
2025|5|ACTIVIDAD|A|51422350.64
2025|5|ACTIVIDAD|B|78859120.40
2025|5|ACTIVIDAD|C|264122312.24
2025|5|ACTIVIDAD|D|15337318.51
2025|5|ACTIVIDAD|E|8943763.05
2025|5|ACTIVIDAD|F|29255614.39
2025|5|ACTIVIDAD|G|575736783.09
2025|5|ACTIVIDAD|H|43521497.84
2025|5|ACTIVIDAD|I|17098671.85
2025|5|ACTIVIDAD|J|53212782.77
2025|5|ACTIVIDAD|K|274199759.05
2025|5|ACTIVIDAD|L|18495829.79
2025|5|ACTIVIDAD|M|49854005.07
2025|5|ACTIVIDAD|NO TIENE|4018563.45
2025|5|ACTIVIDAD|N|21718252.88
2025|5|ACTIVIDAD|O|72009502.45
2025|5|ACTIVIDAD|P|16741523.67
2025|5|ACTIVIDAD|Q|23403936.40
2025|5|ACTIVIDAD|R|4947600.15
2025|5|ACTIVIDAD|S|13593824.41
2025|5|ACTIVIDAD|T|45867.64
2025|5|ACTIVIDAD|U|117965.39
2025|5|ACTIVIDAD|V|1750139.86
2025|5|ACTIVIDAD|W|880882.01
2025|5|ACTIVIDAD|X|68299.27
2025|5|PROVINCIA|AZUAY|73922049.64
2025|5|PROVINCIA|BOLIVAR|1758367.54
2025|5|PROVINCIA|CARCHI|2138723.02
2025|5|PROVINCIA|CAÑAR|3347828.78
2025|5|PROVINCIA|CHIMBORAZO|6326236.13
2025|5|PROVINCIA|COTOPAXI|16135167.63
2025|5|PROVINCIA|EL ORO|26736355.72
2025|5|PROVINCIA|ESMERALDAS|5610704.07
2025|5|PROVINCIA|GALAPAGOS|3241886.82
2025|5|PROVINCIA|GUAYAS|503263466.32
2025|5|PROVINCIA|IMBABURA|10811849.39
2025|5|PROVINCIA|LOJA|9058957.93
2025|5|PROVINCIA|LOS RIOS|10095787.88
2025|5|PROVINCIA|MANABI|35646221.07
2025|5|PROVINCIA|MORONA SANTIAGO|2286760.96
2025|5|PROVINCIA|NAPO|1834883.72
2025|5|PROVINCIA|NO TIENE|147733.82
2025|5|PROVINCIA|ORELLANA|6385486.23
2025|5|PROVINCIA|PASTAZA|2262822.58
2025|5|PROVINCIA|PICHINCHA|832879319.44
2025|5|PROVINCIA|SANTA ELENA|4824037.48
2025|5|PROVINCIA|SANTO DOMINGO DE LOS TSÁCHILAS|10340408.49
2025|5|PROVINCIA|SUCUMBIOS|3451479.11
2025|5|PROVINCIA|TUNGURAHUA|28991445.38
2025|5|PROVINCIA|ZAMORA CHINCHIPE|37860801.82
2025|6|ACTIVIDAD|9|3977.93
2025|6|ACTIVIDAD|A|48037081.00
2025|6|ACTIVIDAD|B|69509861.82
2025|6|ACTIVIDAD|C|260900890.23
2025|6|ACTIVIDAD|D|15227362.02
2025|6|ACTIVIDAD|E|9027866.40
2025|6|ACTIVIDAD|F|25086425.89
2025|6|ACTIVIDAD|G|578408488.07
2025|6|ACTIVIDAD|H|42019550.82
2025|6|ACTIVIDAD|I|17952770.05
2025|6|ACTIVIDAD|J|52878797.70
2025|6|ACTIVIDAD|K|268496092.62
2025|6|ACTIVIDAD|L|19283949.85
2025|6|ACTIVIDAD|M|49151485.84
2025|6|ACTIVIDAD|NO TIENE|4138450.34
2025|6|ACTIVIDAD|N|20675613.36
2025|6|ACTIVIDAD|O|59123261.28
2025|6|ACTIVIDAD|P|16222217.32
2025|6|ACTIVIDAD|Q|24485698.96
2025|6|ACTIVIDAD|R|3830842.80
2025|6|ACTIVIDAD|S|11879774.07
2025|6|ACTIVIDAD|T|42895.89
2025|6|ACTIVIDAD|U|119040.04
2025|6|ACTIVIDAD|V|1744872.91
2025|6|ACTIVIDAD|W|878190.82
2025|6|ACTIVIDAD|X|90723.25
2025|6|PROVINCIA|AZUAY|72125682.17
2025|6|PROVINCIA|BOLIVAR|1262809.92
2025|6|PROVINCIA|CARCHI|2246605.63
2025|6|PROVINCIA|CAÑAR|3548758.63
2025|6|PROVINCIA|CHIMBORAZO|7294580.58
2025|6|PROVINCIA|COTOPAXI|16491234.98
2025|6|PROVINCIA|EL ORO|24749994.79
2025|6|PROVINCIA|ESMERALDAS|5450232.96
2025|6|PROVINCIA|GALAPAGOS|3247498.01
2025|6|PROVINCIA|GUAYAS|514460884.67
2025|6|PROVINCIA|IMBABURA|9622388.68
2025|6|PROVINCIA|LOJA|7980760.15
2025|6|PROVINCIA|LOS RIOS|10630517.70
2025|6|PROVINCIA|MANABI|36804063.15
2025|6|PROVINCIA|MORONA SANTIAGO|2013844.40
2025|6|PROVINCIA|NAPO|1656262.93
2025|6|PROVINCIA|NO TIENE|146777.36
2025|6|PROVINCIA|ORELLANA|6134990.28
2025|6|PROVINCIA|PASTAZA|1623604.91
2025|6|PROVINCIA|PICHINCHA|788813632.23
2025|6|PROVINCIA|SANTA ELENA|4399747.54
2025|6|PROVINCIA|SANTO DOMINGO DE LOS TSÁCHILAS|10127859.68
2025|6|PROVINCIA|SUCUMBIOS|2990763.38
2025|6|PROVINCIA|TUNGURAHUA|26525131.12
2025|6|PROVINCIA|ZAMORA CHINCHIPE|38867555.43
2025|7|ACTIVIDAD|9|3880.46
2025|7|ACTIVIDAD|A|73925143.38
2025|7|ACTIVIDAD|B|124482875.33
2025|7|ACTIVIDAD|C|270091833.18
2025|7|ACTIVIDAD|D|19365056.38
2025|7|ACTIVIDAD|E|9253779.42
2025|7|ACTIVIDAD|F|26874098.10
2025|7|ACTIVIDAD|G|583850000.35
2025|7|ACTIVIDAD|H|41948959.06
2025|7|ACTIVIDAD|I|18183091.92
2025|7|ACTIVIDAD|J|54803642.84
2025|7|ACTIVIDAD|K|273986029.59
2025|7|ACTIVIDAD|L|19825960.74
2025|7|ACTIVIDAD|M|47857367.24
2025|7|ACTIVIDAD|NO TIENE|3952657.21
2025|7|ACTIVIDAD|N|24209819.72
2025|7|ACTIVIDAD|O|72432957.99
2025|7|ACTIVIDAD|P|17751791.10
2025|7|ACTIVIDAD|Q|26898813.58
2025|7|ACTIVIDAD|R|6027728.58
2025|7|ACTIVIDAD|S|11692839.95
2025|7|ACTIVIDAD|T|42898.19
2025|7|ACTIVIDAD|U|129187.12
2025|7|ACTIVIDAD|V|1324326.27
2025|7|ACTIVIDAD|W|548993.85
2025|7|ACTIVIDAD|X|73367.95
2025|7|PROVINCIA|AZUAY|76163054.15
2025|7|PROVINCIA|BOLIVAR|1270254.12
2025|7|PROVINCIA|CARCHI|2354021.37
2025|7|PROVINCIA|CAÑAR|3547856.22
2025|7|PROVINCIA|CHIMBORAZO|6951597.73
2025|7|PROVINCIA|COTOPAXI|17410921.45
2025|7|PROVINCIA|EL ORO|24975359.68
2025|7|PROVINCIA|ESMERALDAS|6006363.79
2025|7|PROVINCIA|GALAPAGOS|3552576.11
2025|7|PROVINCIA|GUAYAS|558652408.59
2025|7|PROVINCIA|IMBABURA|10580618.66
2025|7|PROVINCIA|LOJA|8793213.52
2025|7|PROVINCIA|LOS RIOS|11265215.84
2025|7|PROVINCIA|MANABI|35885816.64
2025|7|PROVINCIA|MORONA SANTIAGO|2327086.32
2025|7|PROVINCIA|NAPO|1708266.76
2025|7|PROVINCIA|NO TIENE|168548.14
2025|7|PROVINCIA|ORELLANA|5898625.12
2025|7|PROVINCIA|PASTAZA|1965420.19
2025|7|PROVINCIA|PICHINCHA|808684584.71
2025|7|PROVINCIA|SANTA ELENA|4464297.33
2025|7|PROVINCIA|SANTO DOMINGO DE LOS TSÁCHILAS|11283078.70
2025|7|PROVINCIA|SUCUMBIOS|3859072.38
2025|7|PROVINCIA|TUNGURAHUA|27091355.81
2025|7|PROVINCIA|ZAMORA CHINCHIPE|94677486.17
2025|8|ACTIVIDAD|9|1087.54
2025|8|ACTIVIDAD|A|51501756.74
2025|8|ACTIVIDAD|B|112784956.26
2025|8|ACTIVIDAD|C|267047695.64
2025|8|ACTIVIDAD|D|15943336.40
2025|8|ACTIVIDAD|E|9372450.65
2025|8|ACTIVIDAD|F|28272161.30
2025|8|ACTIVIDAD|G|578634390.94
2025|8|ACTIVIDAD|H|39857288.93
2025|8|ACTIVIDAD|I|17881849.77
2025|8|ACTIVIDAD|J|49592513.29
2025|8|ACTIVIDAD|K|283078505.63
2025|8|ACTIVIDAD|L|18474860.38
2025|8|ACTIVIDAD|M|47579853.81
2025|8|ACTIVIDAD|NO TIENE|3593011.29
2025|8|ACTIVIDAD|N|20959743.03
2025|8|ACTIVIDAD|O|121511032.74
2025|8|ACTIVIDAD|P|18518380.99
2025|8|ACTIVIDAD|Q|24828392.37
2025|8|ACTIVIDAD|R|4751315.60
2025|8|ACTIVIDAD|S|9813423.39
2025|8|ACTIVIDAD|T|34101.64
2025|8|ACTIVIDAD|U|138335.81
2025|8|ACTIVIDAD|V|1080729.15
2025|8|ACTIVIDAD|W|2457176.80
2025|8|ACTIVIDAD|X|55925.83
2025|8|PROVINCIA|AZUAY|79648301.73
2025|8|PROVINCIA|BOLIVAR|1443215.61
2025|8|PROVINCIA|CARCHI|2042949.48
2025|8|PROVINCIA|CAÑAR|3511072.28
2025|8|PROVINCIA|CHIMBORAZO|8136677.42
2025|8|PROVINCIA|COTOPAXI|15039442.49
2025|8|PROVINCIA|EL ORO|26690389.26
2025|8|PROVINCIA|ESMERALDAS|5008651.01
2025|8|PROVINCIA|GALAPAGOS|2861837.65
2025|8|PROVINCIA|GUAYAS|526758482.97
2025|8|PROVINCIA|IMBABURA|9789972.59
2025|8|PROVINCIA|LOJA|8720495.29
2025|8|PROVINCIA|LOS RIOS|10419241.47
2025|8|PROVINCIA|MANABI|36914037.17
2025|8|PROVINCIA|MORONA SANTIAGO|2610515.84
2025|8|PROVINCIA|NAPO|1910226.63
2025|8|PROVINCIA|NO TIENE|137440.24
2025|8|PROVINCIA|ORELLANA|4976788.11
2025|8|PROVINCIA|PASTAZA|1957181.13
2025|8|PROVINCIA|PICHINCHA|890487315.76
2025|8|PROVINCIA|SANTA ELENA|4818059.99
2025|8|PROVINCIA|SANTO DOMINGO DE LOS TSÁCHILAS|10036505.80
2025|8|PROVINCIA|SUCUMBIOS|3325798.35
2025|8|PROVINCIA|TUNGURAHUA|29316845.99
2025|8|PROVINCIA|ZAMORA CHINCHIPE|41202831.66
2025|9|ACTIVIDAD|9|5353.18
2025|9|ACTIVIDAD|A|53159740.57
2025|9|ACTIVIDAD|B|197319397.38
2025|9|ACTIVIDAD|C|266148470.33
2025|9|ACTIVIDAD|D|14959558.52
2025|9|ACTIVIDAD|E|8376121.27
2025|9|ACTIVIDAD|F|32064408.15
2025|9|ACTIVIDAD|G|584997466.94
2025|9|ACTIVIDAD|H|38828932.88
2025|9|ACTIVIDAD|I|19017486.65
2025|9|ACTIVIDAD|J|49142390.32
2025|9|ACTIVIDAD|K|276370162.94
2025|9|ACTIVIDAD|L|19219953.48
2025|9|ACTIVIDAD|M|51150633.32
2025|9|ACTIVIDAD|NO TIENE|4811290.24
2025|9|ACTIVIDAD|N|22753712.53
2025|9|ACTIVIDAD|O|69333214.63
2025|9|ACTIVIDAD|P|17712451.12
2025|9|ACTIVIDAD|Q|24954590.45
2025|9|ACTIVIDAD|R|4668252.50
2025|9|ACTIVIDAD|S|11461665.64
2025|9|ACTIVIDAD|T|34534.66
2025|9|ACTIVIDAD|U|171966.09
2025|9|ACTIVIDAD|V|1162109.23
2025|9|ACTIVIDAD|W|692187.58
2025|9|ACTIVIDAD|X|56634.66
2025|9|PROVINCIA|AZUAY|86521815.32
2025|9|PROVINCIA|BOLIVAR|1288773.64
2025|9|PROVINCIA|CARCHI|2524283.68
2025|9|PROVINCIA|CAÑAR|3330018.22
2025|9|PROVINCIA|CHIMBORAZO|7320508.37
2025|9|PROVINCIA|COTOPAXI|13981667.10
2025|9|PROVINCIA|EL ORO|31628736.43
2025|9|PROVINCIA|ESMERALDAS|5853066.49
2025|9|PROVINCIA|GALAPAGOS|3229616.04
2025|9|PROVINCIA|GUAYAS|522088740.53
2025|9|PROVINCIA|IMBABURA|10610679.95
2025|9|PROVINCIA|LOJA|8451909.90
2025|9|PROVINCIA|LOS RIOS|9888298.75
2025|9|PROVINCIA|MANABI|40522777.83
2025|9|PROVINCIA|MORONA SANTIAGO|2555832.26
2025|9|PROVINCIA|NAPO|1710957.27
2025|9|PROVINCIA|NO TIENE|292663.65
2025|9|PROVINCIA|ORELLANA|7771278.84
2025|9|PROVINCIA|PASTAZA|1803089.91
2025|9|PROVINCIA|PICHINCHA|801620828.75
2025|9|PROVINCIA|SANTA ELENA|4388122.75
2025|9|PROVINCIA|SANTO DOMINGO DE LOS TSÁCHILAS|11522596.84
2025|9|PROVINCIA|SUCUMBIOS|3050538.09
2025|9|PROVINCIA|TUNGURAHUA|30483627.83
2025|9|PROVINCIA|ZAMORA CHINCHIPE|156132256.82
2026|1|ACTIVIDAD|9|6287.04
2026|1|ACTIVIDAD|A|71385427.41
2026|1|ACTIVIDAD|B|175664689.12
2026|1|ACTIVIDAD|C|339697774.02
2026|1|ACTIVIDAD|D|31778746.00
2026|1|ACTIVIDAD|E|14442014.82
2026|1|ACTIVIDAD|F|41544041.06
2026|1|ACTIVIDAD|G|747311048.18
2026|1|ACTIVIDAD|H|59443425.02
2026|1|ACTIVIDAD|I|22547135.34
2026|1|ACTIVIDAD|J|63747342.56
2026|1|ACTIVIDAD|K|342058387.72
2026|1|ACTIVIDAD|L|28212301.77
2026|1|ACTIVIDAD|M|74128505.02
2026|1|ACTIVIDAD|NO TIENE|3321258.50
2026|1|ACTIVIDAD|N|52239107.14
2026|1|ACTIVIDAD|O|141137475.47
2026|1|ACTIVIDAD|P|30366930.24
2026|1|ACTIVIDAD|Q|36019792.93
2026|1|ACTIVIDAD|R|6342654.79
2026|1|ACTIVIDAD|S|15749488.26
2026|1|ACTIVIDAD|T|42319.33
2026|1|ACTIVIDAD|U|292220.61
2026|1|ACTIVIDAD|V|883464.11
2026|1|ACTIVIDAD|W|350891.02
2026|1|ACTIVIDAD|X|62304.17
2026|1|PROVINCIA|AZUAY|101194936.01
2026|1|PROVINCIA|BOLIVAR|2147989.93
2026|1|PROVINCIA|CARCHI|3934467.95
2026|1|PROVINCIA|CAÑAR|5963913.47
2026|1|PROVINCIA|CHIMBORAZO|9909583.72
2026|1|PROVINCIA|COTOPAXI|17799910.89
2026|1|PROVINCIA|EL ORO|38586766.21
2026|1|PROVINCIA|ESMERALDAS|8367441.18
2026|1|PROVINCIA|GALAPAGOS|4230053.97
2026|1|PROVINCIA|GUAYAS|741515927.75
2026|1|PROVINCIA|IMBABURA|14097042.80
2026|1|PROVINCIA|LOJA|12061274.92
2026|1|PROVINCIA|LOS RIOS|14422978.24
2026|1|PROVINCIA|MANABI|51272323.75
2026|1|PROVINCIA|MORONA SANTIAGO|3965678.25
2026|1|PROVINCIA|NAPO|3564180.31
2026|1|PROVINCIA|NO TIENE|209290.30
2026|1|PROVINCIA|ORELLANA|7349458.05
2026|1|PROVINCIA|PASTAZA|2803694.72
2026|1|PROVINCIA|PICHINCHA|1111420429.11
2026|1|PROVINCIA|SANTA ELENA|6672882.91
2026|1|PROVINCIA|SANTO DOMINGO DE LOS TSÁCHILAS|14838085.60
2026|1|PROVINCIA|SUCUMBIOS|4968110.22
2026|1|PROVINCIA|TUNGURAHUA|30883681.02
2026|1|PROVINCIA|ZAMORA CHINCHIPE|86594930.37
2026|2|ACTIVIDAD|9|6589.68
2026|2|ACTIVIDAD|A|53353856.63
2026|2|ACTIVIDAD|B|76983280.68
2026|2|ACTIVIDAD|C|277557933.26
2026|2|ACTIVIDAD|D|11127220.71
2026|2|ACTIVIDAD|E|7047269.46
2026|2|ACTIVIDAD|F|23791150.64
2026|2|ACTIVIDAD|G|557016759.41
2026|2|ACTIVIDAD|H|38115450.31
2026|2|ACTIVIDAD|I|17888651.77
2026|2|ACTIVIDAD|J|49649046.43
2026|2|ACTIVIDAD|K|269491800.04
2026|2|ACTIVIDAD|L|17643211.81
2026|2|ACTIVIDAD|M|43701037.93
2026|2|ACTIVIDAD|NO TIENE|2908329.67
2026|2|ACTIVIDAD|N|19072221.03
2026|2|ACTIVIDAD|O|76076301.22
2026|2|ACTIVIDAD|P|9593290.48
2026|2|ACTIVIDAD|Q|17633801.04
2026|2|ACTIVIDAD|R|5347325.27
2026|2|ACTIVIDAD|S|10372050.36
2026|2|ACTIVIDAD|T|45561.15
2026|2|ACTIVIDAD|U|91732.10
2026|2|ACTIVIDAD|V|1244924.54
2026|2|ACTIVIDAD|W|2125047.11
2026|2|ACTIVIDAD|X|77465.82
2026|2|PROVINCIA|AZUAY|73795062.43
2026|2|PROVINCIA|BOLIVAR|921719.94
2026|2|PROVINCIA|CARCHI|1769774.63
2026|2|PROVINCIA|CAÑAR|2456598.64
2026|2|PROVINCIA|CHIMBORAZO|5443369.25
2026|2|PROVINCIA|COTOPAXI|18210623.33
2026|2|PROVINCIA|EL ORO|24004410.60
2026|2|PROVINCIA|ESMERALDAS|3130903.19
2026|2|PROVINCIA|GALAPAGOS|2184480.18
2026|2|PROVINCIA|GUAYAS|518154507.44
2026|2|PROVINCIA|IMBABURA|8337612.75
2026|2|PROVINCIA|LOJA|7106248.64
2026|2|PROVINCIA|LOS RIOS|8221072.15
2026|2|PROVINCIA|MANABI|28118070.96
2026|2|PROVINCIA|MORONA SANTIAGO|1351148.64
2026|2|PROVINCIA|NAPO|764851.60
2026|2|PROVINCIA|NO TIENE|183602.98
2026|2|PROVINCIA|ORELLANA|4238515.20
2026|2|PROVINCIA|PASTAZA|758423.11
2026|2|PROVINCIA|PICHINCHA|786950120.33
2026|2|PROVINCIA|SANTA ELENA|4273301.39
2026|2|PROVINCIA|SANTO DOMINGO DE LOS TSÁCHILAS|9251843.96
2026|2|PROVINCIA|SUCUMBIOS|1998483.01
2026|2|PROVINCIA|TUNGURAHUA|28549786.56
2026|2|PROVINCIA|ZAMORA CHINCHIPE|47786777.64
2026|3|ACTIVIDAD|9|597.61
2026|3|ACTIVIDAD|A|64110231.37
2026|3|ACTIVIDAD|B|198455203.78
2026|3|ACTIVIDAD|C|274401061.38
2026|3|ACTIVIDAD|D|16584406.84
2026|3|ACTIVIDAD|E|7749210.06
2026|3|ACTIVIDAD|F|27846527.77
2026|3|ACTIVIDAD|G|642455585.43
2026|3|ACTIVIDAD|H|50603634.60
2026|3|ACTIVIDAD|I|20149125.58
2026|3|ACTIVIDAD|J|53908005.04
2026|3|ACTIVIDAD|K|270457451.61
2026|3|ACTIVIDAD|L|32202879.08
2026|3|ACTIVIDAD|M|111527064.66
2026|3|ACTIVIDAD|NO TIENE|7626837.02
2026|3|ACTIVIDAD|N|23558542.83
2026|3|ACTIVIDAD|O|90637239.31
2026|3|ACTIVIDAD|P|19054809.22
2026|3|ACTIVIDAD|Q|35317510.91
2026|3|ACTIVIDAD|R|6207583.90
2026|3|ACTIVIDAD|S|27340701.74
2026|3|ACTIVIDAD|T|86622.33
2026|3|ACTIVIDAD|U|130982.99
2026|3|ACTIVIDAD|V|5607352.84
2026|3|ACTIVIDAD|W|5524871.74
2026|3|ACTIVIDAD|X|161447.37
2026|3|PROVINCIA|AZUAY|96541632.34
2026|3|PROVINCIA|BOLIVAR|1790874.16
2026|3|PROVINCIA|CARCHI|3231965.13
2026|3|PROVINCIA|CAÑAR|4768512.90
2026|3|PROVINCIA|CHIMBORAZO|10975079.74
2026|3|PROVINCIA|COTOPAXI|20186218.52
2026|3|PROVINCIA|EL ORO|41177811.39
2026|3|PROVINCIA|ESMERALDAS|8320038.87
2026|3|PROVINCIA|GALAPAGOS|3582964.59
2026|3|PROVINCIA|GUAYAS|585506115.08
2026|3|PROVINCIA|IMBABURA|11804003.35
2026|3|PROVINCIA|LOJA|11598067.94
2026|3|PROVINCIA|LOS RIOS|12148205.86
2026|3|PROVINCIA|MANABI|43108259.58
2026|3|PROVINCIA|MORONA SANTIAGO|4125164.24
2026|3|PROVINCIA|NAPO|2043273.47
2026|3|PROVINCIA|NO TIENE|238450.89
2026|3|PROVINCIA|ORELLANA|5831129.32
2026|3|PROVINCIA|PASTAZA|1794827.74
2026|3|PROVINCIA|PICHINCHA|909822683.11
2026|3|PROVINCIA|SANTA ELENA|4911803.52
2026|3|PROVINCIA|SANTO DOMINGO DE LOS TSÁCHILAS|13226272.37
2026|3|PROVINCIA|SUCUMBIOS|3415370.42
2026|3|PROVINCIA|TUNGURAHUA|37839602.41
2026|3|PROVINCIA|ZAMORA CHINCHIPE|153717160.07
2026|4|ACTIVIDAD|9|2214.00
2026|4|ACTIVIDAD|A|118206503.55
2026|4|ACTIVIDAD|B|491582205.68
2026|4|ACTIVIDAD|C|383977307.79
2026|4|ACTIVIDAD|D|42043461.54
2026|4|ACTIVIDAD|E|14248057.02
2026|4|ACTIVIDAD|F|55318319.74
2026|4|ACTIVIDAD|G|810251437.53
2026|4|ACTIVIDAD|H|86348881.96
2026|4|ACTIVIDAD|I|26493065.73
2026|4|ACTIVIDAD|J|66684595.76
2026|4|ACTIVIDAD|K|360004546.92
2026|4|ACTIVIDAD|L|53709485.17
2026|4|ACTIVIDAD|M|100570629.02
2026|4|ACTIVIDAD|NO TIENE|5778963.54
2026|4|ACTIVIDAD|N|55638084.00
2026|4|ACTIVIDAD|O|97410759.66
2026|4|ACTIVIDAD|P|25042124.60
2026|4|ACTIVIDAD|Q|39244241.19
2026|4|ACTIVIDAD|R|7435673.43
2026|4|ACTIVIDAD|S|21129683.95
2026|4|ACTIVIDAD|T|50400.25
2026|4|ACTIVIDAD|U|221136.69
2026|4|ACTIVIDAD|V|2016404.21
2026|4|ACTIVIDAD|W|590455.38
2026|4|ACTIVIDAD|X|92311.38
2026|4|PROVINCIA|AZUAY|113739255.54
2026|4|PROVINCIA|BOLIVAR|2402773.23
2026|4|PROVINCIA|CARCHI|4006273.77
2026|4|PROVINCIA|CAÑAR|8614884.49
2026|4|PROVINCIA|CHIMBORAZO|10968810.18
2026|4|PROVINCIA|COTOPAXI|23726731.12
2026|4|PROVINCIA|EL ORO|52078711.71
2026|4|PROVINCIA|ESMERALDAS|7710656.73
2026|4|PROVINCIA|GALAPAGOS|9909371.25
2026|4|PROVINCIA|GUAYAS|801525915.57
2026|4|PROVINCIA|IMBABURA|17934908.80
2026|4|PROVINCIA|LOJA|13469726.38
2026|4|PROVINCIA|LOS RIOS|15549831.09
2026|4|PROVINCIA|MANABI|49261607.40
2026|4|PROVINCIA|MORONA SANTIAGO|8378972.36
2026|4|PROVINCIA|NAPO|4585900.65
2026|4|PROVINCIA|NO TIENE|217248.71
2026|4|PROVINCIA|ORELLANA|9998301.71
2026|4|PROVINCIA|PASTAZA|2990072.07
2026|4|PROVINCIA|PICHINCHA|1274018341.71
2026|4|PROVINCIA|SANTA ELENA|6739948.62
2026|4|PROVINCIA|SANTO DOMINGO DE LOS TSÁCHILAS|15600291.07
2026|4|PROVINCIA|SUCUMBIOS|4003039.63
2026|4|PROVINCIA|TUNGURAHUA|44344507.27
2026|4|PROVINCIA|ZAMORA CHINCHIPE|362314868.63
2026|5|ACTIVIDAD|9|4248.23
2026|5|ACTIVIDAD|A|63412721.23
2026|5|ACTIVIDAD|B|149573504.83
2026|5|ACTIVIDAD|C|313926832.02
2026|5|ACTIVIDAD|D|18321230.82
2026|5|ACTIVIDAD|E|9220691.01
2026|5|ACTIVIDAD|F|32820047.62
2026|5|ACTIVIDAD|G|701285734.02
2026|5|ACTIVIDAD|H|49734869.22
2026|5|ACTIVIDAD|I|19843344.18
2026|5|ACTIVIDAD|J|51742795.47
2026|5|ACTIVIDAD|K|300553493.35
2026|5|ACTIVIDAD|L|21695037.81
2026|5|ACTIVIDAD|M|57704815.80
2026|5|ACTIVIDAD|NO TIENE|4359045.50
2026|5|ACTIVIDAD|N|24888638.90
2026|5|ACTIVIDAD|O|64167335.21
2026|5|ACTIVIDAD|P|19360794.69
2026|5|ACTIVIDAD|Q|25865627.61
2026|5|ACTIVIDAD|R|7169221.19
2026|5|ACTIVIDAD|S|14017643.39
2026|5|ACTIVIDAD|T|57181.98
2026|5|ACTIVIDAD|U|151037.23
2026|5|ACTIVIDAD|V|1279691.70
2026|5|ACTIVIDAD|W|399465.56
2026|5|ACTIVIDAD|X|77757.35
2026|5|PROVINCIA|AZUAY|90379069.78
2026|5|PROVINCIA|BOLIVAR|1680434.78
2026|5|PROVINCIA|CARCHI|2633916.23
2026|5|PROVINCIA|CAÑAR|4572885.75
2026|5|PROVINCIA|CHIMBORAZO|8341720.16
2026|5|PROVINCIA|COTOPAXI|18168709.59
2026|5|PROVINCIA|EL ORO|75730796.17
2026|5|PROVINCIA|ESMERALDAS|6013173.20
2026|5|PROVINCIA|GALAPAGOS|3326626.79
2026|5|PROVINCIA|GUAYAS|604235314.12
2026|5|PROVINCIA|IMBABURA|10617906.54
2026|5|PROVINCIA|LOJA|10111675.10
2026|5|PROVINCIA|LOS RIOS|11633073.60
2026|5|PROVINCIA|MANABI|39949033.81
2026|5|PROVINCIA|MORONA SANTIAGO|2820049.57
2026|5|PROVINCIA|NAPO|2363256.13
2026|5|PROVINCIA|NO TIENE|209353.14
2026|5|PROVINCIA|ORELLANA|6418070.18
2026|5|PROVINCIA|PASTAZA|1837032.99
2026|5|PROVINCIA|PICHINCHA|940194697.50
2026|5|PROVINCIA|SANTA ELENA|4831649.43
2026|5|PROVINCIA|SANTO DOMINGO DE LOS TSÁCHILAS|11698603.92
2026|5|PROVINCIA|SUCUMBIOS|3743455.49
2026|5|PROVINCIA|TUNGURAHUA|35627342.39
2026|5|PROVINCIA|ZAMORA CHINCHIPE|54494959.56
2026|6|ACTIVIDAD|9|2984.53
2026|6|ACTIVIDAD|A|59666506.45
2026|6|ACTIVIDAD|B|88687983.58
2026|6|ACTIVIDAD|C|291908509.31
2026|6|ACTIVIDAD|D|17795331.51
2026|6|ACTIVIDAD|E|9265580.35
2026|6|ACTIVIDAD|F|29510384.18
2026|6|ACTIVIDAD|G|676329101.72
2026|6|ACTIVIDAD|H|52106535.87
2026|6|ACTIVIDAD|I|20494945.30
2026|6|ACTIVIDAD|J|49884188.34
2026|6|ACTIVIDAD|K|305362662.80
2026|6|ACTIVIDAD|L|20655899.23
2026|6|ACTIVIDAD|M|49511849.30
2026|6|ACTIVIDAD|NO TIENE|4461339.43
2026|6|ACTIVIDAD|N|23150687.75
2026|6|ACTIVIDAD|O|116536561.89
2026|6|ACTIVIDAD|P|17393678.39
2026|6|ACTIVIDAD|Q|27349980.01
2026|6|ACTIVIDAD|R|8529204.35
2026|6|ACTIVIDAD|S|13279839.69
2026|6|ACTIVIDAD|T|50286.89
2026|6|ACTIVIDAD|U|175470.51
2026|6|ACTIVIDAD|V|998048.01
2026|6|ACTIVIDAD|W|404241.42
2026|6|ACTIVIDAD|X|73037.96
2026|6|PROVINCIA|AZUAY|85708143.93
2026|6|PROVINCIA|BOLIVAR|1595749.83
2026|6|PROVINCIA|CARCHI|2729980.00
2026|6|PROVINCIA|CAÑAR|3755471.31
2026|6|PROVINCIA|CHIMBORAZO|8304751.42
2026|6|PROVINCIA|COTOPAXI|16608338.35
2026|6|PROVINCIA|EL ORO|34311480.67
2026|6|PROVINCIA|ESMERALDAS|5973976.69
2026|6|PROVINCIA|GALAPAGOS|3511739.50
2026|6|PROVINCIA|GUAYAS|589294621.21
2026|6|PROVINCIA|IMBABURA|11225201.62
2026|6|PROVINCIA|LOJA|9602523.14
2026|6|PROVINCIA|LOS RIOS|10568061.03
2026|6|PROVINCIA|MANABI|38900190.78
2026|6|PROVINCIA|MORONA SANTIAGO|3484152.94
2026|6|PROVINCIA|NAPO|2286387.74
2026|6|PROVINCIA|NO TIENE|179836.05
2026|6|PROVINCIA|ORELLANA|6474938.74
2026|6|PROVINCIA|PASTAZA|1915904.10
2026|6|PROVINCIA|PICHINCHA|939280380.51
2026|6|PROVINCIA|SANTA ELENA|4947373.49
2026|6|PROVINCIA|SANTO DOMINGO DE LOS TSÁCHILAS|11796833.03
2026|6|PROVINCIA|SUCUMBIOS|4325519.78
2026|6|PROVINCIA|TUNGURAHUA|33562097.27
2026|6|PROVINCIA|ZAMORA CHINCHIPE|53241185.64
2026|7|ACTIVIDAD|9|1584.68
2026|7|ACTIVIDAD|A|62378337.56
2026|7|ACTIVIDAD|B|142551955.35
2026|7|ACTIVIDAD|C|276587949.26
2026|7|ACTIVIDAD|D|23036848.68
2026|7|ACTIVIDAD|E|9093548.50
2026|7|ACTIVIDAD|F|29342434.68
2026|7|ACTIVIDAD|G|709492443.53
2026|7|ACTIVIDAD|H|47469686.39
2026|7|ACTIVIDAD|I|20226299.70
2026|7|ACTIVIDAD|J|53465443.09
2026|7|ACTIVIDAD|K|321181983.57
2026|7|ACTIVIDAD|L|21702491.79
2026|7|ACTIVIDAD|M|55936972.70
2026|7|ACTIVIDAD|NO TIENE|4246864.25
2026|7|ACTIVIDAD|N|23112333.62
2026|7|ACTIVIDAD|O|127203226.16
2026|7|ACTIVIDAD|P|19140888.78
2026|7|ACTIVIDAD|Q|31788570.30
2026|7|ACTIVIDAD|R|9788968.40
2026|7|ACTIVIDAD|S|13300044.35
2026|7|ACTIVIDAD|T|46101.45
2026|7|ACTIVIDAD|U|183146.74
2026|7|ACTIVIDAD|V|1060379.22
2026|7|ACTIVIDAD|W|319250.98
2026|7|ACTIVIDAD|X|60029.24
2026|7|PROVINCIA|AZUAY|88131354.39
2026|7|PROVINCIA|BOLIVAR|1626909.31
2026|7|PROVINCIA|CARCHI|2653624.49
2026|7|PROVINCIA|CAÑAR|3950665.37
2026|7|PROVINCIA|CHIMBORAZO|8879250.24
2026|7|PROVINCIA|COTOPAXI|15696317.04
2026|7|PROVINCIA|EL ORO|34569407.10
2026|7|PROVINCIA|ESMERALDAS|6648474.75
2026|7|PROVINCIA|GALAPAGOS|3130615.06
2026|7|PROVINCIA|GUAYAS|588713855.24
2026|7|PROVINCIA|IMBABURA|10945138.35
2026|7|PROVINCIA|LOJA|9709144.93
2026|7|PROVINCIA|LOS RIOS|11715089.76
2026|7|PROVINCIA|MANABI|41172171.05
2026|7|PROVINCIA|MORONA SANTIAGO|3451466.79
2026|7|PROVINCIA|NAPO|2270621.87
2026|7|PROVINCIA|NO TIENE|256572.61
2026|7|PROVINCIA|ORELLANA|6454020.88
2026|7|PROVINCIA|PASTAZA|1696911.07
2026|7|PROVINCIA|PICHINCHA|1030495152.06
2026|7|PROVINCIA|SANTA ELENA|5041720.04
2026|7|PROVINCIA|SANTO DOMINGO DE LOS TSÁCHILAS|11648628.37
2026|7|PROVINCIA|SUCUMBIOS|3774074.83
2026|7|PROVINCIA|TUNGURAHUA|32594336.40
2026|7|PROVINCIA|ZAMORA CHINCHIPE|77492260.97
2026|8|ACTIVIDAD|9|1910.26
2026|8|ACTIVIDAD|A|66936765.82
2026|8|ACTIVIDAD|B|155966446.44
2026|8|ACTIVIDAD|C|303792902.10
2026|8|ACTIVIDAD|D|17089581.63
2026|8|ACTIVIDAD|E|12430765.95
2026|8|ACTIVIDAD|F|36610963.44
2026|8|ACTIVIDAD|G|747010737.23
2026|8|ACTIVIDAD|H|51233797.38
2026|8|ACTIVIDAD|I|20595873.23
2026|8|ACTIVIDAD|J|72195622.99
2026|8|ACTIVIDAD|K|335805938.40
2026|8|ACTIVIDAD|L|23803932.95
2026|8|ACTIVIDAD|M|55784049.87
2026|8|ACTIVIDAD|NO TIENE|3802917.94
2026|8|ACTIVIDAD|N|24405983.14
2026|8|ACTIVIDAD|O|98814265.11
2026|8|ACTIVIDAD|P|19334261.89
2026|8|ACTIVIDAD|Q|30492340.52
2026|8|ACTIVIDAD|R|12314334.17
2026|8|ACTIVIDAD|S|13022672.66
2026|8|ACTIVIDAD|T|36607.79
2026|8|ACTIVIDAD|U|199797.16
2026|8|ACTIVIDAD|V|1022664.63
2026|8|ACTIVIDAD|W|1368475.46
2026|8|ACTIVIDAD|X|65807.18
2026|8|PROVINCIA|AZUAY|90629720.72
2026|8|PROVINCIA|BOLIVAR|1692352.49
2026|8|PROVINCIA|CARCHI|3099023.27
2026|8|PROVINCIA|CAÑAR|3885425.09
2026|8|PROVINCIA|CHIMBORAZO|8552448.84
2026|8|PROVINCIA|COTOPAXI|20598149.68
2026|8|PROVINCIA|EL ORO|31624008.20
2026|8|PROVINCIA|ESMERALDAS|7153789.38
2026|8|PROVINCIA|GALAPAGOS|3211790.45
2026|8|PROVINCIA|GUAYAS|647178583.72
2026|8|PROVINCIA|IMBABURA|12116306.07
2026|8|PROVINCIA|LOJA|10350667.36
2026|8|PROVINCIA|LOS RIOS|12569008.45
2026|8|PROVINCIA|MANABI|46758949.89
2026|8|PROVINCIA|MORONA SANTIAGO|3351290.94
2026|8|PROVINCIA|NAPO|2516519.55
2026|8|PROVINCIA|NO TIENE|198056.36
2026|8|PROVINCIA|ORELLANA|8793304.52
2026|8|PROVINCIA|PASTAZA|2063200.51
2026|8|PROVINCIA|PICHINCHA|1034264765.00
2026|8|PROVINCIA|SANTA ELENA|5327299.52
2026|8|PROVINCIA|SANTO DOMINGO DE LOS TSÁCHILAS|13690285.87
2026|8|PROVINCIA|SUCUMBIOS|3730384.84
2026|8|PROVINCIA|TUNGURAHUA|32969842.36
2026|8|PROVINCIA|ZAMORA CHINCHIPE|97814242.26
