producto,url,precio_usd,fecha_captura
Arroz Mi Rey 2 kg,https://www.tia.com.ec/supermercado/comestibles/arroz-y-fideos/arroz-mi-rey-2-kg-257950000.html,3.33,2026-09-27
Leche Toni 1 l,https://www.tia.com.ec/supermercado/lacteos/leches-blancas/leche-toni-tetrabrik-1-l-entera-337906000.html,1.65,2026-09-27
Café Nescafé 160 g,https://www.tia.com.ec/supermercado/comestibles/cafe-y-chocolate-en-polvo/cafe-nescafe-160-g-258247000.html,8.15,2026-09-27
Azúcar San Carlos 2 kg,https://www.tia.com.ec/supermercado/comestibles/azucar-endulzantes-y-panela/azucar-san-carlos-2-kg-251221000.html,2.15,2026-09-27
Aceite Palma de Oro 900 cc,https://www.tia.com.ec/supermercado/comestibles/aceites-y-vinagres/aceite-palma-de-oro-900-cc-257407000.html,2.09,2026-09-27
Huevos Indaves x12,https://www.tia.com.ec/supermercado/lacteos/huevos/huevos-grandes-indaves-12-uni-251702000.html,2.75,2026-09-27
Yogur Alpina 900 g guanábana,https://www.tia.com.ec/bebida-de-yogurt-alpina-funda-900-g-guanabana-cremoso-271246000.html,1.39,2026-09-27
Yogur Frush 900 g mora,https://www.tia.com.ec/bebida-de-yogurt-frush-900-g-mora-271176000.html,1.29,2026-09-27
Avena Toni 1 l naranjilla,https://www.tia.com.ec/bebida-avena-casera-toni-tetrabrik-1-l-naranjilla-330507000.html,2.19,2026-09-27
Avena Toni 250 ml naranjilla,https://www.tia.com.ec/bebida-avena-casera-toni-tetrabrik-250-ml-naranjilla-330503002.html,0.89,2026-09-27
Avena con leche Toni 250 ml,https://www.tia.com.ec/bebida-avena-con-leche-toni-tetrabrik-250-ml-canela-330509000.html,0.95,2026-09-27
Avena Vita 900 ml,https://www.tia.com.ec/bebida-avena-vita-900-ml-maracuya-y-naranjilla-331002000.html,0.99,2026-09-27
Aceite Criollo 900 ml,https://www.tia.com.ec/aceite-criollo-900-ml-257468000.html,2.05,2026-09-27
Aceite achiote La Favorita 500 cc,https://www.tia.com.ec/aceite-con-achiote-la-favorita-500-cc-257464000.html,1.95,2026-09-27
Aceite canola Vivi 1 l,https://www.tia.com.ec/aceite-de-canola-vivi-1-l-258345000.html,3.25,2026-09-27
Bebida de soya Oriental 1 l,https://www.tia.com.ec/bebida-de-soya-oriental-tetrabrik-1000-ml-330552000.html,2.5,2026-09-27
Aceite de aguacate Zico 155 ml,https://www.tia.com.ec/aceite-de-aguacate-zico-155-ml-253190000.html,5.45,2026-09-27
Aceite La Favorita light 900 ml,https://www.tia.com.ec/aceite-50-por-ciento-menos-grasa-la-favorita-900-ml-258363000.html,2.89,2026-09-27
